"participant.id_in_session","participant.code","participant.label","participant.payoff","player.id_in_group_α","player.id_in_group_β","player.payoff_α","player.payoff_β","player.select_num_α","player.select_num_β","player.select_num_AB_list_α","player.select_num_AB_list_β","player.db_ban_optA_self_α","player.db_ban_optA_self_β","player.db_ban_optA_other_α","player.db_ban_optA_other_β","player.db_ban_optB_self_α","player.db_ban_optB_self_β","player.db_ban_optB_other_α","player.db_ban_optB_other_β","player.db_sc_jibun_α","player.db_sc_jibun_β","player.db_sc_aite_α","player.db_sc_aite_β","group.id_in_subsession_α","group.id_in_subsession_β","group.g_db_ban_α","group.g_db_ban_β","group.g_db_cr_α","group.g_db_cr_β","alpha_med","beta_med"
4,"nq9qw4h0","baseSUB01",1720,2,2,0,600,11,9,"[""A"",""A"",""A"",""A"",""A"",""A"",""A"",""A"",""A"",""A"",""B"",""B"",""B"",""B"",""B"",""B"",""B"",""B"",""B"",""B"",""B"",""B"",""B"",""B"",""B"",""B"",""B"",""B"",""B"",""B"",""B""]","[""A"",""A"",""A"",""A"",""A"",""A"",""A"",""A"",""B"",""B"",""B"",""B"",""B"",""B"",""B"",""B"",""B"",""B"",""B"",""B"",""B"",""B"",""B"",""B"",""B"",""B"",""B"",""B"",""B"",""B"",""B""]",NA,400,NA,600,NA,400,NA,1040,NA,400,NA,600,2,2,16,11,2,1,-0.0215,0.0555
6,"gqj5hla1","baseSUB02",1780,2,2,0,600,11,9,"[""A"",""A"",""A"",""A"",""A"",""A"",""A"",""A"",""A"",""A"",""B"",""B"",""B"",""B"",""B"",""B"",""B"",""B"",""B"",""B"",""B"",""B"",""B"",""B"",""B"",""B"",""B"",""B"",""B"",""B"",""B""]","[""A"",""A"",""A"",""A"",""A"",""A"",""A"",""A"",""B"",""B"",""B"",""B"",""B"",""B"",""B"",""B"",""B"",""B"",""B"",""B"",""B"",""B"",""B"",""B"",""B"",""B"",""B"",""B"",""B"",""B"",""B""]",NA,560,NA,600,NA,400,NA,1040,NA,560,NA,600,3,3,25,3,2,1,-0.0215,0.0555
2,"8o7i41ct","baseSUB03",1720,2,2,0,600,11,11,"[""A"",""A"",""A"",""A"",""A"",""A"",""A"",""A"",""A"",""A"",""B"",""B"",""B"",""B"",""B"",""B"",""B"",""B"",""B"",""B"",""B"",""B"",""B"",""B"",""B"",""B"",""B"",""B"",""B"",""B"",""B""]","[""A"",""A"",""A"",""A"",""A"",""A"",""A"",""A"",""A"",""A"",""B"",""B"",""B"",""B"",""B"",""B"",""B"",""B"",""B"",""B"",""B"",""B"",""B"",""B"",""B"",""B"",""B"",""B"",""B"",""B"",""B""]",NA,400,NA,600,NA,400,NA,1040,NA,400,NA,600,1,1,24,11,2,1,-0.0215,0.2365
8,"98qlmu89","baseSUB04",2320,2,2,0,600,11,9,"[""A"",""A"",""A"",""A"",""A"",""A"",""A"",""A"",""A"",""A"",""B"",""B"",""B"",""B"",""B"",""B"",""B"",""B"",""B"",""B"",""B"",""B"",""B"",""B"",""B"",""B"",""B"",""B"",""B"",""B"",""B""]","[""A"",""A"",""A"",""A"",""A"",""A"",""A"",""A"",""B"",""B"",""B"",""B"",""B"",""B"",""B"",""B"",""B"",""B"",""B"",""B"",""B"",""B"",""B"",""B"",""B"",""B"",""B"",""B"",""B"",""B"",""B""]",NA,560,NA,600,NA,400,NA,1040,NA,560,NA,600,4,4,16,3,2,1,-0.0215,0.0555
3,"1vjsju3l","baseSUB05",1620,1,1,0,400,12,9,"[""A"",""A"",""A"",""A"",""A"",""A"",""A"",""A"",""A"",""A"",""A"",""B"",""B"",""B"",""B"",""B"",""B"",""B"",""B"",""B"",""B"",""B"",""B"",""B"",""B"",""B"",""B"",""B"",""B"",""B"",""B""]","[""A"",""A"",""A"",""A"",""A"",""A"",""A"",""A"",""B"",""B"",""B"",""B"",""B"",""B"",""B"",""B"",""B"",""B"",""B"",""B"",""B"",""B"",""B"",""B"",""B"",""B"",""B"",""B"",""B"",""B"",""B""]",NA,400,NA,600,NA,400,NA,1040,NA,400,NA,600,2,2,16,11,2,1,0.024,0.0555
18,"ozghf93m","baseSUB06",980,2,2,0,200,11,9,"[""A"",""A"",""A"",""A"",""A"",""A"",""A"",""A"",""A"",""A"",""B"",""B"",""B"",""B"",""B"",""B"",""B"",""B"",""B"",""B"",""B"",""B"",""B"",""B"",""B"",""B"",""B"",""B"",""B"",""B"",""B""]","[""A"",""A"",""A"",""A"",""A"",""A"",""A"",""A"",""B"",""B"",""B"",""B"",""B"",""B"",""B"",""B"",""B"",""B"",""B"",""B"",""B"",""B"",""B"",""B"",""B"",""B"",""B"",""B"",""B"",""B"",""B""]",NA,967,NA,360,NA,1267,NA,200,NA,1267,NA,200,9,9,26,23,2,2,-0.0215,0.0555
17,"4cmmq666","baseSUB07",2267,1,1,0,1267,11,9,"[""A"",""A"",""A"",""A"",""A"",""A"",""A"",""A"",""A"",""A"",""B"",""B"",""B"",""B"",""B"",""B"",""B"",""B"",""B"",""B"",""B"",""B"",""B"",""B"",""B"",""B"",""B"",""B"",""B"",""B"",""B""]","[""A"",""A"",""A"",""A"",""A"",""A"",""A"",""A"",""B"",""B"",""B"",""B"",""B"",""B"",""B"",""B"",""B"",""B"",""B"",""B"",""B"",""B"",""B"",""B"",""B"",""B"",""B"",""B"",""B"",""B"",""B""]",NA,967,NA,360,NA,1267,NA,200,NA,1267,NA,200,9,9,26,23,2,2,-0.0215,0.0555
1,"pqlytvkt","baseSUB08",1460,1,1,0,400,12,8,"[""A"",""A"",""A"",""A"",""A"",""A"",""A"",""A"",""A"",""A"",""A"",""B"",""B"",""B"",""B"",""B"",""B"",""B"",""B"",""B"",""B"",""B"",""B"",""B"",""B"",""B"",""B"",""B"",""B"",""B"",""B""]","[""A"",""A"",""A"",""A"",""A"",""A"",""A"",""B"",""B"",""B"",""B"",""B"",""B"",""B"",""B"",""B"",""B"",""B"",""B"",""B"",""B"",""B"",""B"",""B"",""B"",""B"",""B"",""B"",""B"",""B"",""B""]",NA,400,NA,600,NA,400,NA,1040,NA,400,NA,600,1,1,24,11,2,1,0.024,-0.0715
5,"d7l71r4q","baseSUB09",1800,1,1,0,560,11,9,"[""A"",""A"",""A"",""A"",""A"",""A"",""A"",""A"",""A"",""A"",""B"",""B"",""B"",""B"",""B"",""B"",""B"",""B"",""B"",""B"",""B"",""B"",""B"",""B"",""B"",""B"",""B"",""B"",""B"",""B"",""B""]","[""A"",""A"",""A"",""A"",""A"",""A"",""A"",""A"",""B"",""B"",""B"",""B"",""B"",""B"",""B"",""B"",""B"",""B"",""B"",""B"",""B"",""B"",""B"",""B"",""B"",""B"",""B"",""B"",""B"",""B"",""B""]",NA,560,NA,600,NA,400,NA,1040,NA,560,NA,600,3,3,25,3,2,1,-0.0215,0.0555
21,"9g4xodmv","baseSUB10",1280,1,1,0,400,11,9,"[""A"",""A"",""A"",""A"",""A"",""A"",""A"",""A"",""A"",""A"",""B"",""B"",""B"",""B"",""B"",""B"",""B"",""B"",""B"",""B"",""B"",""B"",""B"",""B"",""B"",""B"",""B"",""B"",""B"",""B"",""B""]","[""A"",""A"",""A"",""A"",""A"",""A"",""A"",""A"",""B"",""B"",""B"",""B"",""B"",""B"",""B"",""B"",""B"",""B"",""B"",""B"",""B"",""B"",""B"",""B"",""B"",""B"",""B"",""B"",""B"",""B"",""B""]",NA,120,NA,600,NA,400,NA,1040,NA,400,NA,1040,11,11,19,25,1,1,-0.0215,0.0555
23,"bnmnbdwn","baseSUB11",2627,1,1,0,1267,11,9,"[""A"",""A"",""A"",""A"",""A"",""A"",""A"",""A"",""A"",""A"",""B"",""B"",""B"",""B"",""B"",""B"",""B"",""B"",""B"",""B"",""B"",""B"",""B"",""B"",""B"",""B"",""B"",""B"",""B"",""B"",""B""]","[""A"",""A"",""A"",""A"",""A"",""A"",""A"",""A"",""B"",""B"",""B"",""B"",""B"",""B"",""B"",""B"",""B"",""B"",""B"",""B"",""B"",""B"",""B"",""B"",""B"",""B"",""B"",""B"",""B"",""B"",""B""]",NA,1267,NA,360,NA,1267,NA,200,NA,1267,NA,360,12,12,24,8,1,2,-0.0215,0.0555
7,"pe2umqts","baseSUB12",2160,1,1,0,560,12,9,"[""A"",""A"",""A"",""A"",""A"",""A"",""A"",""A"",""A"",""A"",""A"",""B"",""B"",""B"",""B"",""B"",""B"",""B"",""B"",""B"",""B"",""B"",""B"",""B"",""B"",""B"",""B"",""B"",""B"",""B"",""B""]","[""A"",""A"",""A"",""A"",""A"",""A"",""A"",""A"",""B"",""B"",""B"",""B"",""B"",""B"",""B"",""B"",""B"",""B"",""B"",""B"",""B"",""B"",""B"",""B"",""B"",""B"",""B"",""B"",""B"",""B"",""B""]",NA,560,NA,600,NA,400,NA,1040,NA,560,NA,600,4,4,16,3,2,1,0.024,0.0555
16,"m3zfocuy","baseSUB13",2040,2,2,0,1040,11,9,"[""A"",""A"",""A"",""A"",""A"",""A"",""A"",""A"",""A"",""A"",""B"",""B"",""B"",""B"",""B"",""B"",""B"",""B"",""B"",""B"",""B"",""B"",""B"",""B"",""B"",""B"",""B"",""B"",""B"",""B"",""B""]","[""A"",""A"",""A"",""A"",""A"",""A"",""A"",""A"",""B"",""B"",""B"",""B"",""B"",""B"",""B"",""B"",""B"",""B"",""B"",""B"",""B"",""B"",""B"",""B"",""B"",""B"",""B"",""B"",""B"",""B"",""B""]",NA,40,NA,600,NA,400,NA,1040,NA,400,NA,1040,8,8,10,29,2,1,-0.0215,0.0555
22,"m9yslktc","baseSUB14",2520,2,2,0,1040,1,32,"[""B"",""B"",""B"",""B"",""B"",""B"",""B"",""B"",""B"",""B"",""B"",""B"",""B"",""B"",""B"",""B"",""B"",""B"",""B"",""B"",""B"",""B"",""B"",""B"",""B"",""B"",""B"",""B"",""B"",""B"",""B""]","[""A"",""A"",""A"",""A"",""A"",""A"",""A"",""A"",""A"",""A"",""A"",""A"",""A"",""A"",""A"",""A"",""A"",""A"",""A"",""A"",""A"",""A"",""A"",""A"",""A"",""A"",""A"",""A"",""A"",""A"",""A""]",NA,120,NA,600,NA,400,NA,1040,NA,400,NA,1040,11,11,19,25,1,1,-0.313,0.85
9,"j6yqxxoi","baseSUB15",2487,1,1,0,1267,11,9,"[""A"",""A"",""A"",""A"",""A"",""A"",""A"",""A"",""A"",""A"",""B"",""B"",""B"",""B"",""B"",""B"",""B"",""B"",""B"",""B"",""B"",""B"",""B"",""B"",""B"",""B"",""B"",""B"",""B"",""B"",""B""]","[""A"",""A"",""A"",""A"",""A"",""A"",""A"",""A"",""B"",""B"",""B"",""B"",""B"",""B"",""B"",""B"",""B"",""B"",""B"",""B"",""B"",""B"",""B"",""B"",""B"",""B"",""B"",""B"",""B"",""B"",""B""]",NA,1247,NA,360,NA,1267,NA,200,NA,1267,NA,200,5,5,2,9,2,2,-0.0215,0.0555
12,"at29pg4l","baseSUB16",1480,2,2,0,600,12,11,"[""A"",""A"",""A"",""A"",""A"",""A"",""A"",""A"",""A"",""A"",""A"",""B"",""B"",""B"",""B"",""B"",""B"",""B"",""B"",""B"",""B"",""B"",""B"",""B"",""B"",""B"",""B"",""B"",""B"",""B"",""B""]","[""A"",""A"",""A"",""A"",""A"",""A"",""A"",""A"",""A"",""A"",""B"",""B"",""B"",""B"",""B"",""B"",""B"",""B"",""B"",""B"",""B"",""B"",""B"",""B"",""B"",""B"",""B"",""B"",""B"",""B"",""B""]",NA,460,NA,600,NA,400,NA,1040,NA,460,NA,600,6,6,28,8,2,1,0.024,0.2365
10,"bvednbk1","baseSUB17",800,2,2,0,200,11,17,"[""A"",""A"",""A"",""A"",""A"",""A"",""A"",""A"",""A"",""A"",""B"",""B"",""B"",""B"",""B"",""B"",""B"",""B"",""B"",""B"",""B"",""B"",""B"",""B"",""B"",""B"",""B"",""B"",""B"",""B"",""B""]","[""A"",""A"",""A"",""A"",""A"",""A"",""A"",""A"",""A"",""A"",""A"",""A"",""A"",""A"",""A"",""A"",""B"",""B"",""B"",""B"",""B"",""B"",""B"",""B"",""B"",""B"",""B"",""B"",""B"",""B"",""B""]",NA,1247,NA,360,NA,1267,NA,200,NA,1267,NA,200,5,5,2,9,2,2,-0.0215,0.5145
24,"mawud0wr","baseSUB18",1760,2,2,0,360,12,9,"[""A"",""A"",""A"",""A"",""A"",""A"",""A"",""A"",""A"",""A"",""A"",""B"",""B"",""B"",""B"",""B"",""B"",""B"",""B"",""B"",""B"",""B"",""B"",""B"",""B"",""B"",""B"",""B"",""B"",""B"",""B""]","[""A"",""A"",""A"",""A"",""A"",""A"",""A"",""A"",""B"",""B"",""B"",""B"",""B"",""B"",""B"",""B"",""B"",""B"",""B"",""B"",""B"",""B"",""B"",""B"",""B"",""B"",""B"",""B"",""B"",""B"",""B""]",NA,1267,NA,360,NA,1267,NA,200,NA,1267,NA,360,12,12,24,8,1,2,0.024,0.0555
11,"6hwgynvg","baseSUB19",1460,1,1,0,460,11,9,"[""A"",""A"",""A"",""A"",""A"",""A"",""A"",""A"",""A"",""A"",""B"",""B"",""B"",""B"",""B"",""B"",""B"",""B"",""B"",""B"",""B"",""B"",""B"",""B"",""B"",""B"",""B"",""B"",""B"",""B"",""B""]","[""A"",""A"",""A"",""A"",""A"",""A"",""A"",""A"",""B"",""B"",""B"",""B"",""B"",""B"",""B"",""B"",""B"",""B"",""B"",""B"",""B"",""B"",""B"",""B"",""B"",""B"",""B"",""B"",""B"",""B"",""B""]",NA,460,NA,600,NA,400,NA,1040,NA,460,NA,600,6,6,28,8,2,1,-0.0215,0.0555
14,"8yzby83o","baseSUB20",2620,2,2,0,1040,12,9,"[""A"",""A"",""A"",""A"",""A"",""A"",""A"",""A"",""A"",""A"",""A"",""B"",""B"",""B"",""B"",""B"",""B"",""B"",""B"",""B"",""B"",""B"",""B"",""B"",""B"",""B"",""B"",""B"",""B"",""B"",""B""]","[""A"",""A"",""A"",""A"",""A"",""A"",""A"",""A"",""B"",""B"",""B"",""B"",""B"",""B"",""B"",""B"",""B"",""B"",""B"",""B"",""B"",""B"",""B"",""B"",""B"",""B"",""B"",""B"",""B"",""B"",""B""]",NA,220,NA,600,NA,400,NA,1040,NA,400,NA,1040,7,7,5,20,1,1,0.024,0.0555
20,"2f692ugv","baseSUB21",2520,2,2,0,1040,11,9,"[""A"",""A"",""A"",""A"",""A"",""A"",""A"",""A"",""A"",""A"",""B"",""B"",""B"",""B"",""B"",""B"",""B"",""B"",""B"",""B"",""B"",""B"",""B"",""B"",""B"",""B"",""B"",""B"",""B"",""B"",""B""]","[""A"",""A"",""A"",""A"",""A"",""A"",""A"",""A"",""B"",""B"",""B"",""B"",""B"",""B"",""B"",""B"",""B"",""B"",""B"",""B"",""B"",""B"",""B"",""B"",""B"",""B"",""B"",""B"",""B"",""B"",""B""]",NA,20,NA,600,NA,400,NA,1040,NA,400,NA,1040,10,10,29,30,2,1,-0.0215,0.0555
13,"810fbjw6","baseSUB22",2000,1,1,0,400,11,9,"[""A"",""A"",""A"",""A"",""A"",""A"",""A"",""A"",""A"",""A"",""B"",""B"",""B"",""B"",""B"",""B"",""B"",""B"",""B"",""B"",""B"",""B"",""B"",""B"",""B"",""B"",""B"",""B"",""B"",""B"",""B""]","[""A"",""A"",""A"",""A"",""A"",""A"",""A"",""A"",""B"",""B"",""B"",""B"",""B"",""B"",""B"",""B"",""B"",""B"",""B"",""B"",""B"",""B"",""B"",""B"",""B"",""B"",""B"",""B"",""B"",""B"",""B""]",NA,220,NA,600,NA,400,NA,1040,NA,400,NA,1040,7,7,5,20,1,1,-0.0215,0.0555
15,"vuiqa7x4","baseSUB23",1460,1,1,0,400,11,9,"[""A"",""A"",""A"",""A"",""A"",""A"",""A"",""A"",""A"",""A"",""B"",""B"",""B"",""B"",""B"",""B"",""B"",""B"",""B"",""B"",""B"",""B"",""B"",""B"",""B"",""B"",""B"",""B"",""B"",""B"",""B""]","[""A"",""A"",""A"",""A"",""A"",""A"",""A"",""A"",""B"",""B"",""B"",""B"",""B"",""B"",""B"",""B"",""B"",""B"",""B"",""B"",""B"",""B"",""B"",""B"",""B"",""B"",""B"",""B"",""B"",""B"",""B""]",NA,40,NA,600,NA,400,NA,1040,NA,400,NA,1040,8,8,10,29,2,1,-0.0215,0.0555
19,"37sjrgfh","baseSUB24",1880,1,1,0,400,11,9,"[""A"",""A"",""A"",""A"",""A"",""A"",""A"",""A"",""A"",""A"",""B"",""B"",""B"",""B"",""B"",""B"",""B"",""B"",""B"",""B"",""B"",""B"",""B"",""B"",""B"",""B"",""B"",""B"",""B"",""B"",""B""]","[""A"",""A"",""A"",""A"",""A"",""A"",""A"",""A"",""B"",""B"",""B"",""B"",""B"",""B"",""B"",""B"",""B"",""B"",""B"",""B"",""B"",""B"",""B"",""B"",""B"",""B"",""B"",""B"",""B"",""B"",""B""]",NA,20,NA,600,NA,400,NA,1040,NA,400,NA,1040,10,10,29,30,2,1,-0.0215,0.0555
1,"88gufc8l","basesub25",2467,1,1,0,1407,11,8,"[""A"",""A"",""A"",""A"",""A"",""A"",""A"",""A"",""A"",""A"",""B"",""B"",""B"",""B"",""B"",""B"",""B"",""B"",""B"",""B"",""B"",""B"",""B"",""B"",""B"",""B"",""B"",""B"",""B"",""B"",""B""]","[""A"",""A"",""A"",""A"",""A"",""A"",""A"",""B"",""B"",""B"",""B"",""B"",""B"",""B"",""B"",""B"",""B"",""B"",""B"",""B"",""B"",""B"",""B"",""B"",""B"",""B"",""B"",""B"",""B"",""B"",""B""]",NA,1407,NA,360,NA,1267,NA,200,NA,1407,NA,360,1,1,5,1,2,2,-0.0215,-0.0715
2,"jbm8h5vu","basesub26",1540,2,2,0,360,11,9,"[""A"",""A"",""A"",""A"",""A"",""A"",""A"",""A"",""A"",""A"",""B"",""B"",""B"",""B"",""B"",""B"",""B"",""B"",""B"",""B"",""B"",""B"",""B"",""B"",""B"",""B"",""B"",""B"",""B"",""B"",""B""]","[""A"",""A"",""A"",""A"",""A"",""A"",""A"",""A"",""B"",""B"",""B"",""B"",""B"",""B"",""B"",""B"",""B"",""B"",""B"",""B"",""B"",""B"",""B"",""B"",""B"",""B"",""B"",""B"",""B"",""B"",""B""]",NA,1407,NA,360,NA,1267,NA,200,NA,1407,NA,360,1,1,5,1,2,2,-0.0215,0.0555
3,"ty08ylcn","basesub27",1534,1,1,0,814,12,32,"[""A"",""A"",""A"",""A"",""A"",""A"",""A"",""A"",""A"",""A"",""A"",""B"",""B"",""B"",""B"",""B"",""B"",""B"",""B"",""B"",""B"",""B"",""B"",""B"",""B"",""B"",""B"",""B"",""B"",""B"",""B""]","[""A"",""A"",""A"",""A"",""A"",""A"",""A"",""A"",""A"",""A"",""A"",""A"",""A"",""A"",""A"",""A"",""A"",""A"",""A"",""A"",""A"",""A"",""A"",""A"",""A"",""A"",""A"",""A"",""A"",""A"",""A""]",NA,814,NA,360,NA,1267,NA,200,NA,814,NA,360,2,2,13,27,2,2,0.024,0.85
4,"rduddbrf","basesub28",1480,2,2,0,360,11,12,"[""A"",""A"",""A"",""A"",""A"",""A"",""A"",""A"",""A"",""A"",""B"",""B"",""B"",""B"",""B"",""B"",""B"",""B"",""B"",""B"",""B"",""B"",""B"",""B"",""B"",""B"",""B"",""B"",""B"",""B"",""B""]","[""A"",""A"",""A"",""A"",""A"",""A"",""A"",""A"",""A"",""A"",""A"",""B"",""B"",""B"",""B"",""B"",""B"",""B"",""B"",""B"",""B"",""B"",""B"",""B"",""B"",""B"",""B"",""B"",""B"",""B"",""B""]",NA,814,NA,360,NA,1267,NA,200,NA,814,NA,360,2,2,13,27,2,2,-0.0215,0.303
5,"ujhg4w5p","basesub29",1360,1,1,0,400,1,20,"[""B"",""B"",""B"",""B"",""B"",""B"",""B"",""B"",""B"",""B"",""B"",""B"",""B"",""B"",""B"",""B"",""B"",""B"",""B"",""B"",""B"",""B"",""B"",""B"",""B"",""B"",""B"",""B"",""B"",""B"",""B""]","[""A"",""A"",""A"",""A"",""A"",""A"",""A"",""A"",""A"",""A"",""A"",""A"",""A"",""A"",""A"",""A"",""A"",""A"",""A"",""B"",""B"",""B"",""B"",""B"",""B"",""B"",""B"",""B"",""B"",""B"",""B""]",NA,20,NA,600,NA,400,NA,1040,NA,400,NA,1040,3,3,6,30,2,1,-0.313,0.5895
6,"s0nvo3n4","basesub30",1820,2,2,0,1040,12,32,"[""A"",""A"",""A"",""A"",""A"",""A"",""A"",""A"",""A"",""A"",""A"",""B"",""B"",""B"",""B"",""B"",""B"",""B"",""B"",""B"",""B"",""B"",""B"",""B"",""B"",""B"",""B"",""B"",""B"",""B"",""B""]","[""A"",""A"",""A"",""A"",""A"",""A"",""A"",""A"",""A"",""A"",""A"",""A"",""A"",""A"",""A"",""A"",""A"",""A"",""A"",""A"",""A"",""A"",""A"",""A"",""A"",""A"",""A"",""A"",""A"",""A"",""A""]",NA,20,NA,600,NA,400,NA,1040,NA,400,NA,1040,3,3,6,30,2,1,0.024,0.85
7,"m9gazhzn","basesub31",2187,1,1,0,1267,12,9,"[""A"",""A"",""A"",""A"",""A"",""A"",""A"",""A"",""A"",""A"",""A"",""B"",""B"",""B"",""B"",""B"",""B"",""B"",""B"",""B"",""B"",""B"",""B"",""B"",""B"",""B"",""B"",""B"",""B"",""B"",""B""]","[""A"",""A"",""A"",""A"",""A"",""A"",""A"",""A"",""B"",""B"",""B"",""B"",""B"",""B"",""B"",""B"",""B"",""B"",""B"",""B"",""B"",""B"",""B"",""B"",""B"",""B"",""B"",""B"",""B"",""B"",""B""]",NA,1167,NA,360,NA,1267,NA,200,NA,1267,NA,200,4,4,10,13,1,2,0.024,0.0555
8,"v73s3o41","basesub32",1980,2,2,0,200,12,9,"[""A"",""A"",""A"",""A"",""A"",""A"",""A"",""A"",""A"",""A"",""A"",""B"",""B"",""B"",""B"",""B"",""B"",""B"",""B"",""B"",""B"",""B"",""B"",""B"",""B"",""B"",""B"",""B"",""B"",""B"",""B""]","[""A"",""A"",""A"",""A"",""A"",""A"",""A"",""A"",""B"",""B"",""B"",""B"",""B"",""B"",""B"",""B"",""B"",""B"",""B"",""B"",""B"",""B"",""B"",""B"",""B"",""B"",""B"",""B"",""B"",""B"",""B""]",NA,1167,NA,360,NA,1267,NA,200,NA,1267,NA,200,4,4,10,13,1,2,0.024,0.0555
10,"7h6bzfks","basesub33",2260,2,2,0,1040,14,8,"[""A"",""A"",""A"",""A"",""A"",""A"",""A"",""A"",""A"",""A"",""A"",""A"",""A"",""B"",""B"",""B"",""B"",""B"",""B"",""B"",""B"",""B"",""B"",""B"",""B"",""B"",""B"",""B"",""B"",""B"",""B""]","[""A"",""A"",""A"",""A"",""A"",""A"",""A"",""B"",""B"",""B"",""B"",""B"",""B"",""B"",""B"",""B"",""B"",""B"",""B"",""B"",""B"",""B"",""B"",""B"",""B"",""B"",""B"",""B"",""B"",""B"",""B""]",NA,520,NA,600,NA,400,NA,1040,NA,400,NA,1040,5,5,19,5,2,1,0.129,-0.0715
9,"kmw1w1uf","basesub34",1660,1,1,0,400,1,16,"[""B"",""B"",""B"",""B"",""B"",""B"",""B"",""B"",""B"",""B"",""B"",""B"",""B"",""B"",""B"",""B"",""B"",""B"",""B"",""B"",""B"",""B"",""B"",""B"",""B"",""B"",""B"",""B"",""B"",""B"",""B""]","[""A"",""A"",""A"",""A"",""A"",""A"",""A"",""A"",""A"",""A"",""A"",""A"",""A"",""A"",""A"",""B"",""B"",""B"",""B"",""B"",""B"",""B"",""B"",""B"",""B"",""B"",""B"",""B"",""B"",""B"",""B""]",NA,520,NA,600,NA,400,NA,1040,NA,400,NA,1040,5,5,19,5,2,1,-0.313,0.4835
12,"wg1nqswx","basesub35",1160,2,2,0,200,11,9,"[""A"",""A"",""A"",""A"",""A"",""A"",""A"",""A"",""A"",""A"",""B"",""B"",""B"",""B"",""B"",""B"",""B"",""B"",""B"",""B"",""B"",""B"",""B"",""B"",""B"",""B"",""B"",""B"",""B"",""B"",""B""]","[""A"",""A"",""A"",""A"",""A"",""A"",""A"",""A"",""B"",""B"",""B"",""B"",""B"",""B"",""B"",""B"",""B"",""B"",""B"",""B"",""B"",""B"",""B"",""B"",""B"",""B"",""B"",""B"",""B"",""B"",""B""]",NA,947,NA,360,NA,1267,NA,200,NA,1267,NA,200,6,6,2,24,1,2,-0.0215,0.0555
13,"eepb6w7q","basesub36",1420,1,1,0,400,11,9,"[""A"",""A"",""A"",""A"",""A"",""A"",""A"",""A"",""A"",""A"",""B"",""B"",""B"",""B"",""B"",""B"",""B"",""B"",""B"",""B"",""B"",""B"",""B"",""B"",""B"",""B"",""B"",""B"",""B"",""B"",""B""]","[""A"",""A"",""A"",""A"",""A"",""A"",""A"",""A"",""B"",""B"",""B"",""B"",""B"",""B"",""B"",""B"",""B"",""B"",""B"",""B"",""B"",""B"",""B"",""B"",""B"",""B"",""B"",""B"",""B"",""B"",""B""]",NA,20,NA,600,NA,400,NA,1040,NA,400,NA,1040,7,7,23,30,1,1,-0.0215,0.0555
11,"z1uo1zbt","basesub37",2827,1,1,0,1267,1,12,"[""B"",""B"",""B"",""B"",""B"",""B"",""B"",""B"",""B"",""B"",""B"",""B"",""B"",""B"",""B"",""B"",""B"",""B"",""B"",""B"",""B"",""B"",""B"",""B"",""B"",""B"",""B"",""B"",""B"",""B"",""B""]","[""A"",""A"",""A"",""A"",""A"",""A"",""A"",""A"",""A"",""A"",""A"",""B"",""B"",""B"",""B"",""B"",""B"",""B"",""B"",""B"",""B"",""B"",""B"",""B"",""B"",""B"",""B"",""B"",""B"",""B"",""B""]",NA,947,NA,360,NA,1267,NA,200,NA,1267,NA,200,6,6,2,24,1,2,-0.313,0.303
14,"0bauq57s","basesub38",2840,2,2,0,1040,11,9,"[""A"",""A"",""A"",""A"",""A"",""A"",""A"",""A"",""A"",""A"",""B"",""B"",""B"",""B"",""B"",""B"",""B"",""B"",""B"",""B"",""B"",""B"",""B"",""B"",""B"",""B"",""B"",""B"",""B"",""B"",""B""]","[""A"",""A"",""A"",""A"",""A"",""A"",""A"",""A"",""B"",""B"",""B"",""B"",""B"",""B"",""B"",""B"",""B"",""B"",""B"",""B"",""B"",""B"",""B"",""B"",""B"",""B"",""B"",""B"",""B"",""B"",""B""]",NA,20,NA,600,NA,400,NA,1040,NA,400,NA,1040,7,7,23,30,1,1,-0.0215,0.0555
15,"ornxmczo","basesub39",2060,1,1,0,400,11,9,"[""A"",""A"",""A"",""A"",""A"",""A"",""A"",""A"",""A"",""A"",""B"",""B"",""B"",""B"",""B"",""B"",""B"",""B"",""B"",""B"",""B"",""B"",""B"",""B"",""B"",""B"",""B"",""B"",""B"",""B"",""B""]","[""A"",""A"",""A"",""A"",""A"",""A"",""A"",""A"",""B"",""B"",""B"",""B"",""B"",""B"",""B"",""B"",""B"",""B"",""B"",""B"",""B"",""B"",""B"",""B"",""B"",""B"",""B"",""B"",""B"",""B"",""B""]",NA,340,NA,600,NA,400,NA,1040,NA,400,NA,1040,8,8,14,14,2,1,-0.0215,0.0555
24,"aksu5ilz","basesub40",1200,2,2,0,200,12,26,"[""A"",""A"",""A"",""A"",""A"",""A"",""A"",""A"",""A"",""A"",""A"",""B"",""B"",""B"",""B"",""B"",""B"",""B"",""B"",""B"",""B"",""B"",""B"",""B"",""B"",""B"",""B"",""B"",""B"",""B"",""B""]","[""A"",""A"",""A"",""A"",""A"",""A"",""A"",""A"",""A"",""A"",""A"",""A"",""A"",""A"",""A"",""A"",""A"",""A"",""A"",""A"",""A"",""A"",""A"",""A"",""A"",""B"",""B"",""B"",""B"",""B"",""B""]",NA,1307,NA,360,NA,1267,NA,200,NA,1267,NA,200,12,12,2,6,2,2,0.024,0.70194
18,"ncdnrrmm","basesub41",1560,2,2,0,200,14,16,"[""A"",""A"",""A"",""A"",""A"",""A"",""A"",""A"",""A"",""A"",""A"",""A"",""A"",""B"",""B"",""B"",""B"",""B"",""B"",""B"",""B"",""B"",""B"",""B"",""B"",""B"",""B"",""B"",""B"",""B"",""B""]","[""A"",""A"",""A"",""A"",""A"",""A"",""A"",""A"",""A"",""A"",""A"",""A"",""A"",""A"",""A"",""B"",""B"",""B"",""B"",""B"",""B"",""B"",""B"",""B"",""B"",""B"",""B"",""B"",""B"",""B"",""B""]",NA,1107,NA,360,NA,1267,NA,200,NA,1267,NA,200,9,9,23,16,1,2,0.129,0.4835
16,"379licab","basesub42",2400,2,2,0,1040,11,9,"[""A"",""A"",""A"",""A"",""A"",""A"",""A"",""A"",""A"",""A"",""B"",""B"",""B"",""B"",""B"",""B"",""B"",""B"",""B"",""B"",""B"",""B"",""B"",""B"",""B"",""B"",""B"",""B"",""B"",""B"",""B""]","[""A"",""A"",""A"",""A"",""A"",""A"",""A"",""A"",""B"",""B"",""B"",""B"",""B"",""B"",""B"",""B"",""B"",""B"",""B"",""B"",""B"",""B"",""B"",""B"",""B"",""B"",""B"",""B"",""B"",""B"",""B""]",NA,340,NA,600,NA,400,NA,1040,NA,400,NA,1040,8,8,14,14,2,1,-0.0215,0.0555
17,"rwc1c3rg","basesub43",2867,1,1,0,1267,12,9,"[""A"",""A"",""A"",""A"",""A"",""A"",""A"",""A"",""A"",""A"",""A"",""B"",""B"",""B"",""B"",""B"",""B"",""B"",""B"",""B"",""B"",""B"",""B"",""B"",""B"",""B"",""B"",""B"",""B"",""B"",""B""]","[""A"",""A"",""A"",""A"",""A"",""A"",""A"",""A"",""B"",""B"",""B"",""B"",""B"",""B"",""B"",""B"",""B"",""B"",""B"",""B"",""B"",""B"",""B"",""B"",""B"",""B"",""B"",""B"",""B"",""B"",""B""]",NA,1107,NA,360,NA,1267,NA,200,NA,1267,NA,200,9,9,23,16,1,2,0.024,0.0555
20,"swui1l6y","basesub44",1640,2,2,0,1040,12,9,"[""A"",""A"",""A"",""A"",""A"",""A"",""A"",""A"",""A"",""A"",""A"",""B"",""B"",""B"",""B"",""B"",""B"",""B"",""B"",""B"",""B"",""B"",""B"",""B"",""B"",""B"",""B"",""B"",""B"",""B"",""B""]","[""A"",""A"",""A"",""A"",""A"",""A"",""A"",""A"",""B"",""B"",""B"",""B"",""B"",""B"",""B"",""B"",""B"",""B"",""B"",""B"",""B"",""B"",""B"",""B"",""B"",""B"",""B"",""B"",""B"",""B"",""B""]",NA,20,NA,600,NA,400,NA,1040,NA,400,NA,1040,10,10,14,30,1,1,0.024,0.0555
19,"lf91ato0","basesub45",1720,1,1,0,400,12,9,"[""A"",""A"",""A"",""A"",""A"",""A"",""A"",""A"",""A"",""A"",""A"",""B"",""B"",""B"",""B"",""B"",""B"",""B"",""B"",""B"",""B"",""B"",""B"",""B"",""B"",""B"",""B"",""B"",""B"",""B"",""B""]","[""A"",""A"",""A"",""A"",""A"",""A"",""A"",""A"",""B"",""B"",""B"",""B"",""B"",""B"",""B"",""B"",""B"",""B"",""B"",""B"",""B"",""B"",""B"",""B"",""B"",""B"",""B"",""B"",""B"",""B"",""B""]",NA,20,NA,600,NA,400,NA,1040,NA,400,NA,1040,10,10,14,30,1,1,0.024,0.0555
22,"76jexyoe","basesub46",960,2,2,0,200,3,17,"[""A"",""A"",""B"",""B"",""B"",""B"",""B"",""B"",""B"",""B"",""B"",""B"",""B"",""B"",""B"",""B"",""B"",""B"",""B"",""B"",""B"",""B"",""B"",""B"",""B"",""B"",""B"",""B"",""B"",""B"",""B""]","[""A"",""A"",""A"",""A"",""A"",""A"",""A"",""A"",""A"",""A"",""A"",""A"",""A"",""A"",""A"",""A"",""B"",""B"",""B"",""B"",""B"",""B"",""B"",""B"",""B"",""B"",""B"",""B"",""B"",""B"",""B""]",NA,747,NA,360,NA,1267,NA,200,NA,1267,NA,200,11,11,3,28,1,2,-0.2785,0.5145
23,"cfv0a3xx","basesub47",2187,1,1,0,1267,2,2,"[""A"",""B"",""B"",""B"",""B"",""B"",""B"",""B"",""B"",""B"",""B"",""B"",""B"",""B"",""B"",""B"",""B"",""B"",""B"",""B"",""B"",""B"",""B"",""B"",""B"",""B"",""B"",""B"",""B"",""B"",""B""]","[""A"",""B"",""B"",""B"",""B"",""B"",""B"",""B"",""B"",""B"",""B"",""B"",""B"",""B"",""B"",""B"",""B"",""B"",""B"",""B"",""B"",""B"",""B"",""B"",""B"",""B"",""B"",""B"",""B"",""B"",""B""]",NA,1307,NA,360,NA,1267,NA,200,NA,1267,NA,200,12,12,2,6,2,2,-0.3015,-5
21,"msyjc2fc","basesub48",2627,1,1,0,1267,11,9,"[""A"",""A"",""A"",""A"",""A"",""A"",""A"",""A"",""A"",""A"",""B"",""B"",""B"",""B"",""B"",""B"",""B"",""B"",""B"",""B"",""B"",""B"",""B"",""B"",""B"",""B"",""B"",""B"",""B"",""B"",""B""]","[""A"",""A"",""A"",""A"",""A"",""A"",""A"",""A"",""B"",""B"",""B"",""B"",""B"",""B"",""B"",""B"",""B"",""B"",""B"",""B"",""B"",""B"",""B"",""B"",""B"",""B"",""B"",""B"",""B"",""B"",""B""]",NA,747,NA,360,NA,1267,NA,200,NA,1267,NA,200,11,11,3,28,1,2,-0.0215,0.0555
